Brand Name,Manufacturer,BC
'1809' ALE,B UNITED INTERNATIONAL INC,245
'T GAVERHOPKE BITTER SWEET SYMPHONY,TWELVE PERCENT LLC,760
'T GAVERHOPKE EXTRA,TWELVE PERCENT LLC,760
'T GAVERHOPKE SINGING BLOND,TWELVE PERCENT LLC,760
'T SMISJE BLOND,B UNITED INTERNATIONAL INC,245
'T SMISJE CATHERINE THE GREAT,B UNITED INTERNATIONAL INC,245
'TELL ME RYE' GOLDEN ALE (OPO),CARLISLE PUBS INC,511
12 DOGS OF CHRISTMAS ALE,THIRSTY DOG BREWING COMPANY,603
120 MINUTE IPA,DOGFISH HEAD CRAFT BREWERY INC,334
13TH CENTURY GRUT BIER,B UNITED INTERNATIONAL INC,245
13TH PLANK PALE ALE (OPO),JEDD ENTERPRISE INC,943
16 MILE INLET INDIA PALE ALE,16 MILE BREWING COMPANY INC,827
16 MILE RESPONDERS ALE,16 MILE BREWING COMPANY INC,827
16 MILE TILLER BROWN ALE,16 MILE BREWING COMPANY INC,827
16 TON INDIA PALE ALE,BREAKER BREWING COMPANY,774
1845 PILS,MOUNTAIN CREST SRL LLC,690
1847 RYE STOUT,LAVERY BREWING COMPANY LLC,816
1906 SPECIAL RESERVE,BALEARIC BEVERAGE DISTRIBUTOR INC,977
2000 TRIPPEL,LAWRENCEVILLE BREWERY INC,309
2012 DOUBLE BASTARD ALE W/DARK TOASTED OAK,KOOCHENVAGNER'S BREWING COMPANY,517
21ST AMENDEMENT LOWER DEBOOM BARLEYWINE STYLE ALE,21ST AMENDMENT BREWERY CAFE LLC,781
21ST AMENDMENT ALMOND MILK PORTER,21ST AMENDMENT BREWERY CAFE LLC,781
21ST AMENDMENT HE SAID BALTIC STYLE PORTER,21ST AMENDMENT BREWERY CAFE LLC,781
21ST AMENDMENT HE SAID BELGIAN STYLE TRIPEL,21ST AMENDMENT BREWERY CAFE LLC,781
21ST AMENDMENT HEKET EGYPTIAN ALE,21ST AMENDMENT BREWERY CAFE LLC,781
21ST AMENDMENT KILT BY WILDFIRE,21ST AMENDMENT BREWERY CAFE LLC,781
21ST AMENDMENT MAROONED ON HOG ISLAND OYSTER STOUT,21ST AMENDMENT BREWERY CAFE LLC,781
21ST AMENDMENT SNEAK ATTACK SAISON,21ST AMENDMENT BREWERY CAFE LLC,781
21ST AMENDMENT SPECIAL ALE,21ST AMENDMENT BREWERY CAFE LLC,781
25 DODICI NATALE,B UNITED INTERNATIONAL INC,245
3 GUYS & A BEER'D BLACK IPA,3 GUYS & A BEERD LLC,906
3 GUYS & A BEER'D CHEWHOPPA,3 GUYS & A BEERD LLC,906
3 GUYS & A BEER'D DE-ICER,3 GUYS & A BEERD LLC,906
3 GUYS & A BEER'D MALARKEY,3 GUYS & A BEERD LLC,906
3 GUYS & A BEER'D NUT BROWN ALE,3 GUYS & A BEERD LLC,906
3 GUYS & A BEER'D OYSTER STOUT,3 GUYS & A BEERD LLC,906
3 GUYS & A BEER'D SHAVING CREAM ALE,3 GUYS & A BEERD LLC,906
3 GUYS & A BEER'D WET HOP PALE ALE,3 GUYS & A BEERD LLC,906
33 EXPORT BEER,LUNEAU USA INC,239
330 SUMMIT INDIA PALE ALE,THIRSTY DOG BREWING COMPANY,603
4 HANDS BONA FIDE RUSSIAN IMPERIAL STOUT,4 HANDS BREWING COMPANY LLC,929
4 HANDS CAST IRON OATMEAL BROWN ALE,4 HANDS BREWING COMPANY LLC,929
4 HANDS DIVIDED SKY RYE IPA,4 HANDS BREWING COMPANY LLC,929
4 HANDS EXCESS BARLEY WINE,4 HANDS BREWING COMPANY LLC,929
4 HANDS PRUNUS SAISON,4 HANDS BREWING COMPANY LLC,929
4 HANDS PRUSSIA BERLINER WEISS,4 HANDS BREWING COMPANY LLC,929
4 HANDS PYRUS SAISON,4 HANDS BREWING COMPANY LLC,929
4 HANDS REPRISE CENTENNIAL RED,4 HANDS BREWING COMPANY LLC,929
4 HANDS SINGLE SPEED SESSION BLONDE ALE,4 HANDS BREWING COMPANY LLC,929
400 POUND MONKEY,INDIAN PEAKS BREWING COMPANY,630
471 EXTRA SPECIAL BITTER ALE,BRECKENRIDGE BREWERY OF COLORADO LLC,666
471 INDIA PALE ALE,BRECKENRIDGE BREWERY OF COLORADO LLC,666
5 WHISTLE WHEAT ALE,BREAKER BREWING COMPANY,774
7-SPRINGS MOUNTAIN ALE,PENNSYLVANIA BREWING COMPANY,94
8 WIRED BREWING HOPWIRED,SHELTON BROTHERS INC,418
8 WIRED BREWING ISTOUT,SHELTON BROTHERS INC,418
8 WIRED BREWING REWIRED,SHELTON BROTHERS INC,418
8 WIRED BREWING SAISON SAUVIN,SHELTON BROTHERS INC,418
8 WIRED BREWING THE BIG SMOKE,SHELTON BROTHERS INC,418
8 WIRED DOUBLE COFFEE BROWN ALE,SHELTON BROTHERS INC,418
8 WIRED SUPER CONDUCTOR,SHELTON BROTHERS INC,418
8-BALL STOUT ALE,TABLE BLUFF BREWING INC,480
961 BLACK IPA,ST KILLIAN IMPORTING CO INC,60
961 LAGER,ST KILLIAN IMPORTING CO INC,60
961 LEBANESE IMPERIAL STOUT,ST KILLIAN IMPORTING CO INC,60
961 LEBANESE PALE ALE,ST KILLIAN IMPORTING CO INC,60
961 PORTER,ST KILLIAN IMPORTING CO INC,60
961 RED ALE,ST KILLIAN IMPORTING CO INC,60
961 WITBIER,ST KILLIAN IMPORTING CO INC,60
A LE COQ IMPERIAL EXTRA DOUBLE STOUT,B UNITED INTERNATIONAL INC,245
A.L.A.M.O. ALT (OPO),TURKEY HILL INN INC,1016
A:M BLACK RASPBERRY,MOUNTAIN CREST SRL LLC,690
A:M MELON BALL,MOUNTAIN CREST SRL LLC,690
A:M WHITE CITRUS,MOUNTAIN CREST SRL LLC,690
ABBAYE DE ST BON CHIEN,B UNITED INTERNATIONAL INC,245
ABBAYE DU VAL-DIEU BROWN ALE,D & V INTERNATIONAL INC,455
ABBAYE DU VAL-DIEU TRIPLE ALE,D & V INTERNATIONAL INC,455
ABBEY DE FOREST,WIN-IT-TOO INC,271
ABBOT ALE KEG ALE ABBOT ALE,VINO.COM LLC,581
ABBOT ALE PUB CAN ALE ABBOT ALE,VINO.COM LLC,581
ABITA ABBEY ALE,ABITA BREWING COMPANY INC,515
ABITA AMBER,ABITA BREWING COMPANY INC,515
ABITA ANDYGATOR HELLES DOPPLEBOCK,ABITA BREWING COMPANY INC,515
ABITA BAD MOTHERSHUCKER,ABITA BREWING COMPANY INC,515
ABITA BOURBON STREET BALTIC PORTER,ABITA BREWING COMPANY INC,515
ABITA BOURBON STREET IMPERIAL STOUT,ABITA BREWING COMPANY INC,515
ABITA CASK ALE,ABITA BREWING COMPANY INC,515
ABITA CHOCOLATE WEISS,ABITA BREWING COMPANY INC,515
ABITA CHRISTMAS ALE,ABITA BREWING COMPANY INC,515
ABITA GOLDEN,ABITA BREWING COMPANY INC,515
ABITA GRAPEFRUIT HARVEST IPA,ABITA BREWING COMPANY INC,515
ABITA JOCKAMO IPA,ABITA BREWING COMPANY INC,515
ABITA LEMON HARVEST WHEAT,ABITA BREWING COMPANY INC,515
ABITA LEMON WHEAT SEASONAL,ABITA BREWING COMPANY INC,515
ABITA LIGHT BEER,ABITA BREWING COMPANY INC,515
ABITA MADRI GRAS BOCK SEASONAL,ABITA BREWING COMPANY INC,515
ABITA OCTOBERFEST SEASONAL,ABITA BREWING COMPANY INC,515
ABITA PECAN HARVEST ALE,ABITA BREWING COMPANY INC,515
ABITA PECAN HARVEST OAK BARREL AGED,ABITA BREWING COMPANY INC,515
ABITA PURPLE HAZE,ABITA BREWING COMPANY INC,515
ABITA RESTORATION PALE ALE,ABITA BREWING COMPANY INC,515
ABITA SEERSUCKER SUMMER PILS,ABITA BREWING COMPANY INC,515
ABITA SELECT MACCHIATO ESPRESSO MILK STOUT,ABITA BREWING COMPANY INC,515
ABITA SELECT NAUGHTY QUAKER,ABITA BREWING COMPANY INC,515
ABITA SHEM WET HOP ALE,ABITA BREWING COMPANY INC,515
ABITA SICED CHRISTMAS ALE,ABITA BREWING COMPANY INC,515
ABITA SOS SAVE OUR SHORES,ABITA BREWING COMPANY INC,515
ABITA SPRING IPA,ABITA BREWING COMPANY INC,515
ABITA STRAWBERRY HARVEST LAGER,ABITA BREWING COMPANY INC,515
ABITA STRAWGATOR,ABITA BREWING COMPANY INC,515
ABITA TURBODOG,ABITA BREWING COMPANY INC,515
ABITA TWIN TURBO,ABITA BREWING COMPANY INC,515
ABITA TWO BOOTS,ABITA BREWING COMPANY INC,515
ABITA VANILLA NAUGHTY QUAKER,ABITA BREWING COMPANY INC,515
ABITA WROUGHT IRON,ABITA BREWING COMPANY INC,515
ABNER IMPERIAL INDIA PALE ALE,HILL FARMSTEAD LLC,829
ABW ALE,FEGLEY ENTERPRISES II INC,678
ABW LAGER,FEGLEY ENTERPRISES II INC,678
ACAI SPARKLETINI MALT BEVERAGE,CARRIAGE HOUSE IMPORTS LTD,152
ACE APPLE CIDER,CALIFORNIA CIDER COMPANY,416
ACE HARD PUMPKIN CIDER,CALIFORNIA CIDER COMPANY,416
ACE HONEY CIDER,CALIFORNIA CIDER COMPANY,416
ACE PERRY CIDER,CALIFORNIA CIDER COMPANY,416
ACHEL 8,SHELTON BROTHERS INC,418
ACHEL BRUIN,SHELTON BROTHERS INC,418
ACHEL TRAPPIST EXTRA,SHELTON BROTHERS INC,418
ACME CALIFORNIA IPA,NORTH COAST BREWING COMPANY,211
ACME CALIFORNIA PALE ALE,NORTH COAST BREWING COMPANY,211
ADNAMS BROADSIDE,SHELTON BROTHERS INC,418
ADNAMS SOUTHWOLD BITTER,SHELTON BROTHERS INC,418
AECHT SCHLENFERLA RAUCHBIER,B UNITED INTERNATIONAL INC,245
AECHT SCHLENKERIA EICHE,B UNITED INTERNATIONAL INC,245
AECHT SCHLENKERLA RAUCHBIER URBOCK,B UNITED INTERNATIONAL INC,245
AECHT SCHLENKERLA RAUCHBIER WHEAT,B UNITED INTERNATIONAL INC,245
AFFLIGEM BLOND ALE,VINO.COM LLC,581
AGAINST THE GRAIN ATG 35K,TWELVE PERCENT LLC,760
AGAINST THE GRAIN ATG CUTTY CANT HANG,TWELVE PERCENT LLC,760
AGAINST THE GRAIN BO & LUKE,TWELVE PERCENT LLC,760
AGAINST THE GRAIN CITRA ASS DOWN,TWELVE PERCENT LLC,760
AGAINST THE GRAIN KENTUCKY RYED CHIQUEN,TWELVE PERCENT LLC,760
AGAINST THE GRAIN MAC FANNYBAW,TWELVE PERCENT LLC,760
AGAINST THE GRAIN RICO SAUVIN,TWELVE PERCENT LLC,760
AGAINST THE GRAIN THE BROWN NOTE,TWELVE PERCENT LLC,760
AGAVE WHEAT ALE,BRECKENRIDGE BREWERY OF COLORADO LLC,666
AGULLONS PURA,SHELTON BROTHERS INC,418
AGULLONS RUNA BROWN ALE,SHELTON BROTHERS INC,418
AIKO,AIKO IMPORTERS INC,598
ALDUS AMERICAN BLONDE ALE,ALDUS BREWING COMPANY,1063
ALDUS CAROLINUS BELGIAN DUBBEL IPA,ALDUS BREWING COMPANY,1063
ALDUS FRANKENBRU (OPO),ALDUS BREWING COMPANY,1063
